Cohort,ID,Last_Name,First_Name,Gender,Category,Cohort_num,Status,Last_Degree,Last_GPA_Before_MSBA,Background,School,Higher_Education,Decision,Date_of_Birth,Age_when_Joined_Program,First_Nationality,GPA_Graduate,GPA,Letter_Grading,MSBA__Data_Thesis_2f_Capstone,EDU_grouped
Cohort 1,1,,,F,PT,1,Alumni,CCE,,Engineering,Lebanese University (LU),,Accepted Unconditionally,"Friday, August 19, 1988",29,Lebanese,88.75,4,A,,Other
Cohort 1,2,,,M,PT,1,Alumni,Economics,,Business/Economics/Accounting/Finance,Lebanese American University (LAU),,Accepted Conditionally-GPA probation,"Wednesday, December 20, 1995",22,Lebanese,82.22,3.3,B+,,AUB/LAU
Cohort 1,3,,,F,PT,1,Dropped,BBA,,Business/Economics/Accounting/Finance,American University of Beirut (AUB),,Accepted Conditionally-GPA probation,"Saturday, May 5, 1990",27,Lebanese,84.44,3.7,A-,,AUB/LAU
Cohort 1,4,,,M,FT,1,Alumni,Civil & Environmenal Engineering,,Engineering,Universite Saint-Joseph (USJ),,Accepted Unconditionally,"Tuesday, February 1, 1994",23,Lebanese,87.33,4,A,,Other
Cohort 1,5,,,F,PT,1,Alumni,BBA,,Business/Economics/Accounting/Finance,American University of Beirut (AUB),,Accepted Unconditionally,"Saturday, June 27, 1992",25,Lebanese,88.55,3.7,A-,,AUB/LAU
Cohort 1,6,,,M,PT,1,Alumni,Business Information System,,MIS/Computer Science/IT,Lebanese American University (LAU),,Accepted Unconditionally,"Monday, August 22, 1994",23,Lebanese,90.11,4,A,,AUB/LAU
Cohort 1,7,,,M,PT,1,Alumni,Mechanical Engineering,,Engineering,American University of Beirut (AUB),,Accepted Unconditionally,"Wednesday, December 15, 1993",24,Lebanese,89.33,4,A,,AUB/LAU
Cohort 1,8,,,M,FT,1,Alumni,BBA,,Business/Economics/Accounting/Finance,American University of Beirut (AUB),,Accepted Unconditionally,"Saturday, June 15, 1996",21,Lebanese,85.22,3.7,A-,,AUB/LAU
Cohort 1,9,,,M,FT,1,Alumni,Civil & Environmenal Engineering,,Engineering,Universite Saint-Joseph (USJ),,Accepted Conditionally-GPA probation,"Tuesday, August 16, 1994",23,Lebanese,84.55,3.7,A-,,Other
Cohort 1,10,,,F,PT,1,Alumni,Computer Science,,Business/Economics/Accounting/Finance,Beirut Arab University (BAU),,Accepted Unconditionally,"Thursday, July 10, 1986",31,Lebanese,90.66,4,A,,Other
Cohort 1,11,,,F,FT,1,Alumni,BBA,,Business/Economics/Accounting/Finance,American University of Beirut (AUB),,Accepted Unconditionally,"Friday, February 16, 1996",21,Lebanese,89.11,4,A,,AUB/LAU
Cohort 1,12,,,F,FT,1,Alumni,Civil & Environmenal Engineering,,Engineering,American University of Beirut (AUB),,Accepted Conditionally-GPA probation,"Thursday, November 9, 1995",22,Lebanese,88.66,4,A,,AUB/LAU
Cohort 1,13,,,F,PT,1,Alumni,Computer Science,,MIS/Computer Science/IT,American University of Beirut (AUB),,Accepted Conditionally-GPA probation,"Monday, September 14, 1987",30,Lebanese,85.5,3.7,A-,,AUB/LAU
Cohort 1,14,,,M,FT,1,Alumni,BBA,,Business/Economics/Accounting/Finance,American University of Beirut (AUB),,Accepted Unconditionally,"Friday, April 16, 1993",24,Lebanese,91.88,4,A,,AUB/LAU
Cohort 1,15,,,M,FT,1,Alumni,Economics,,Business/Economics/Accounting/Finance,American University of Beirut (AUB),,Accepted Conditionally-GPA probation,"Sunday, August 11, 1996",21,Asutralian,87.77,4,A,,AUB/LAU
Cohort 1,16,,,F,PT,1,Alumni,BBA,,Business/Economics/Accounting/Finance,American University of Beirut (AUB),,Accepted Conditionally-GPA probation,"Saturday, September 26, 1992",25,Lebanese,83.22,3.7,A-,,AUB/LAU
Cohort 1,17,,,M,PT,1,Alumni,CCE,,Engineering,Universite Saint-Esprit de Kaslik (USEK),,Accepted Unconditionally,"Thursday, June 12, 1980",31,Lebanese,89.66,4,A,,Other
Cohort 2,18,,,M,FT,2,Alumni,BBA,,Business/Economics/Accounting/Finance,American University of Beirut (AUB),,Accepted Unconditionally,"Monday, January 1, 1990",28,Lebanese,91.33,4,A,,AUB/LAU
Cohort 2,20,,,F,PT,2,Alumni,BBA,,Business/Economics/Accounting/Finance,American University of Beirut (AUB),,Accepted Conditionally-GPA probation,"Monday, February 17, 1997",21,Lebanese,83.22,3.7,A-,,AUB/LAU
Cohort 2,21,,,F,FT,2,Alumni,BBA,,Business/Economics/Accounting/Finance,Lebanese International University (LIU),,Accepted Unconditionally,"Tuesday, June 4, 1996",22,Lebanese,85.88,3.7,A-,,Other
Cohort 2,22,,,F,PT,2,Alumni,BBA,,Business/Economics/Accounting/Finance,Haigazian University,,Accepted Unconditionally,"Wednesday, July 6, 1994",24,Lebanese,91.44,4,A,,Other
Cohort 2,23,,,F,PT,2,Dropped,Computer Science,,MIS/Computer Science/IT,"Arts, Sciences and Technology University in Lebanon (AUL)",,Accepted Unconditionally,"Tuesday, October 14, 1986",32,Lebanese,87,4,A,,Other
Cohort 2,24,,,M,PT,2,Alumni,BBA,,Business/Economics/Accounting/Finance,American University of Beirut (AUB),,Accepted Conditionally-GPA probation,"Tuesday, January 9, 1990",28,Lebanese,85.11,3.7,A-,,AUB/LAU
Cohort 2,25,,,F,PT,2,Alumni,CCE,,Engineering,Universite Saint-Joseph (USJ),,Accepted Conditionally-GPA probation,"Thursday, January 7, 1988",30,Lebanese,92.75,4.3,A+,,Other
Cohort 2,26,,,F,PT,2,Alumni,CCE,,Engineering,American University of Beirut (AUB),,Accepted-special not working for a degree,"Tuesday, November 17, 1992",26,Lebanese,96,4.3,A+,,AUB/LAU
Cohort 2,27,,,M,PT,2,Alumni,Actuarial Science \ Mathematics,,Math/science,Universite Saint-Esprit de Kaslik (USEK),,Accepted Conditionally-GPA probation,"Thursday, June 11, 1987",31,Lebanese,88.55,4,A,,Other
Cohort 2,28,,,F,PT,2,Alumni,Food Science,,"Other (Food science, Nursing, Graphic Design..)",American University of Beirut (AUB),,Accepted Conditionally-GPA probation,"Wednesday, August 15, 1990",28,Lebanese,85.55,3.7,A-,,AUB/LAU
Cohort 2,29,,,F,PT,2,Alumni,Computer Science,,MIS/Computer Science/IT,American University of Beirut (AUB),,Accepted Unconditionally,"Friday, April 26, 1985",33,Lebanese,91.33,4,A,,AUB/LAU
Cohort 2,30,,,F,FT,2,Alumni,BBA,,Business/Economics/Accounting/Finance,Beirut Arab University (BAU),,Accepted Unconditionally,"Friday, May 1, 1998",20,Lebanese,84.88,3.7,A-,,Other
Cohort 2,31,,,M,FT,2,Alumni,Computer Science,,MIS/Computer Science/IT,American University of Beirut (AUB),,Accepted Unconditionally,"Tuesday, November 15, 1994",24,Lebanese,90.5,4,A,,AUB/LAU
Cohort 2,32,,,F,FT,2,Alumni,Computer Science,,MIS/Computer Science/IT,American University of Beirut (AUB),,Accepted Unconditionally,"Friday, January 1, 1982",36,Lebanese,89.88,4,A,,AUB/LAU
Cohort 2,33,,,F,FT,2,Alumni,BBA,,Business/Economics/Accounting/Finance,American University of Beirut (AUB),,Accepted Unconditionally,"Thursday, June 10, 1993",25,Lebanese,94.88,4,A,,AUB/LAU
Cohort 2,34,,,F,PT,2,Alumni,BBA,,Business/Economics/Accounting/Finance,American University of Beirut (AUB),,Accepted Conditionally-GPA probation,"Saturday, January 21, 1989",29,Lebanese,87.44,4,A,,AUB/LAU
Cohort 2,35,,,F,FT,2,Alumni,BBA,,Business/Economics/Accounting/Finance,American University of Beirut (AUB),,Accepted Unconditionally,"Monday, December 22, 1997",21,Lebanese,92.88,4.3,A+,,AUB/LAU
Cohort 2,36,,,F,PT,2,Alumni,CCE,,Engineering,American University of Beirut (AUB),,Accepted Unconditionally,"Sunday, September 30, 1990",28,Lebanese,93.33,4.3,A+,,AUB/LAU
Cohort 2,37,,,M,PT,2,Alumni,Information Technology,,MIS/Computer Science/IT,Lebanese University (LU),,Accepted Conditionally-GPA probation,"Saturday, December 9, 1978",40,Lebanese,87.15,4,A,,Other
Cohort 2,38,,,M,FT,2,Alumni,BBA,,Business/Economics/Accounting/Finance,American University of Beirut (AUB),,Accepted Unconditionally,"Tuesday, March 19, 1996",22,Lebanese,90.11,4,A,,AUB/LAU
Cohort 2,39,,,F,PT,2,Alumni,BBA,,Business/Economics/Accounting/Finance,American University of Beirut (AUB),,Accepted Unconditionally,"Monday, May 7, 1990",28,Lebanese,89.77,4,A,,AUB/LAU
Cohort 3,40,,,M,FT,3,Alumni,Civil & Environmenal Engineering,,Engineering,University of Balamand (UOB),,Accepted Conditionally-GPA probation,"Saturday, November 11, 1995",24,Lebanon,3.78,3.78,A-,,Other
Cohort 3,41,,,M,PT,3,Alumni,Chemistry,,Math/science,American University of Beirut (AUB),,Accepted Unconditionally,"Tuesday, April 13, 1993",26,Lebanon,3.8,3.8,A,,AUB/LAU
Cohort 3,42,,,F,PT,3,Alumni,Nursing,,"Other (Food science, Nursing, Graphic Design..)",American University of Beirut (AUB),,Accepted Unconditionally,"Monday, April 29, 1974",45,Lebanon,87,3.48,B+,,AUB/LAU
Cohort 3,43,,,M,FT,3,Alumni,BBA,,Business/Economics/Accounting/Finance,Universite Saint-Esprit de Kaslik (USEK),,Accepted Conditionally-GPA probation,"Monday, March 1, 1993",26,Lebanon,3.79,3.79,A-,,Other
Cohort 3,44,,,M,PT,3,Active,Business/Accounting/Finance/Marketing,,Business/Economics/Accounting/Finance,American University of Beirut (AUB),,Accepted Conditionally-GPA probation,"Monday, May 27, 1996",23,Lebanon,3.92,3.92,A,,AUB/LAU
Cohort 3,45,,,F,PT,3,Alumni,Business/Accounting/Finance/Marketing,,Business/Economics/Accounting/Finance,Lebanese University (LU),,Accepted Unconditionally,"Saturday, July 30, 1994",25,Lebanon,3.93,3.93,A,,Other
Cohort 3,46,,,M,FT,3,Alumni,Math,,Math/science,American University of Beirut (AUB),,Accepted Conditionally-GPA probation,"Friday, July 7, 1995",24,Lebanon,3.76,3.76,A-,,AUB/LAU
Cohort 3,47,,,F,PT,3,Alumni,Business/Accounting/Finance/Marketing,,Business/Economics/Accounting/Finance,Lebanese American University (LAU),,Accepted Conditionally-GPA probation,"Thursday, August 12, 1993",26,Lebanon,3.77,3.77,A-,,AUB/LAU
Cohort 3,48,,,F,PT,3,Alumni,Business/Accounting/Finance/Marketing,,Business/Economics/Accounting/Finance,American University of Beirut (AUB),,Accepted Unconditionally,"Friday, August 15, 1997",22,Yemen,3.76,3.76,A-,,AUB/LAU
Cohort 3,49,,,M,FT,3,Alumni,Business/Accounting/Finance/Marketing,,Business/Economics/Accounting/Finance,American University of Beirut (AUB),,Accepted Unconditionally,"Wednesday, May 27, 1998",21,Lebanon,3.68,3.68,A-,,AUB/LAU
Cohort 3,50,,,M,FT,3,Alumni,Business/Accounting/Finance/Marketing,,Business/Economics/Accounting/Finance,Lebanese University (LU),,Accepted Unconditionally,"Tuesday, November 25, 1997",22,Lebanon,3.93,3.93,A-,,Other
Cohort 3,51,,,M,FT,3,Active,Physics,,Math/science,American University of Beirut (AUB),,Accepted Conditionally-GPA probation,"Monday, November 3, 1997",22,Lebanon,3.34,3.34,B+,,AUB/LAU
Cohort 3,52,,,F,PT,3,Alumni,Business/Accounting/Finance/Marketing,,Business/Economics/Accounting/Finance,Notre Dame University Louaize (NDU),,Accepted Unconditionally,"Wednesday, December 21, 1994",25,Lebanon,3.83,3.83,A,,Other
Cohort 3,53,,,M,PT,3,Dropped,Physics,,Math/science,Lebanese American University (LAU),,Accepted Unconditionally,"Friday, June 20, 1997",22,Lebanon,68.25,2.73,B-,,AUB/LAU
Cohort 3,54,,,F,PT,3,Alumni,Business/Accounting/Finance/Marketing,,Business/Economics/Accounting/Finance,American University of Beirut (AUB),,Accepted Conditionally-GPA probation,"Saturday, April 15, 1995",24,Lebanon,3.86,3.86,A,,AUB/LAU
Cohort 3,55,,,M,FT,3,Alumni,Double Major in Economic and Political Science,,Business/Economics/Accounting/Finance,American University of Beirut (AUB),,Accepted Conditionally-GPA probation,"Tuesday, April 8, 1997",22,Lebanon,4,4,A,,AUB/LAU
Cohort 3,56,,,M,FT,3,Alumni,BBA,,Business/Economics/Accounting/Finance,Universite Saint-Joseph (USJ),,Accepted Conditionally-GPA probation,"Thursday, June 18, 1998",26,Lebanon,4.04,4.04,A,,Other
Cohort 3,57,,,M,PT,3,Alumni,Telecommunications,,Engineering,Lebanese American University (LAU),,Accepted Unconditionally,"Thursday, November 30, 1995",24,Lebanon,3.77,3.77,A-,,AUB/LAU
Cohort 3,58,,,F,PT,3,Alumni,CCE,,Engineering,University of Balamand (UOB),,Accepted Unconditionally,"Tuesday, May 11, 1982",37,Lebanon,4.25,4.25,A+,,Other
Cohort 3,59,,,F,FT,3,Alumni,Economics,,Business/Economics/Accounting/Finance,Notre Dame University Louaize (NDU),,Accepted Unconditionally,"Thursday, October 2, 1997",22,Lebanon,3.86,3.86,A,,Other
Cohort 3,60,,,M,FT,3,Alumni,Business/Accounting/Finance/Marketing,,Business/Economics/Accounting/Finance,American University of Beirut (AUB),,Accepted Unconditionally,"Friday, November 20, 1998",21,Lebanon,3.95,3.95,A+,,AUB/LAU
Cohort 3,61,,,F,PT,3,Alumni,Applied Mathematics,,Math/science,Beirut Arab University (BAU),,Accepted Unconditionally,"Tuesday, September 29, 1998",21,Lebanon,3.9,3.9,A+,,Other
Cohort 3,62,,,M,FT,3,Alumni,Industrial Engineering,,Engineering,American University of Beirut (AUB),,Accepted Unconditionally,"Sunday, September 15, 1996",23,Lebanon,3.93,3.93,A+,,AUB/LAU
Cohort 3,63,,,F,PT,3,Alumni,Petroleum Studies,,Math/science,Notre Dame University Louaize (NDU),,Accepted Conditionally-GPA probation,"Saturday, April 17, 1993",26,Lebanon,3.9,3.9,A+,,Other
Cohort 3,64,,,F,PT,3,Alumni,Actuarial Science,,Math/science,Lebanese American University (LAU),,Accepted Unconditionally,"Friday, June 21, 1996",23,Lebanon,3.72,3.72,A-,,AUB/LAU
Cohort 3,65,,,M,FT,3,Alumni,Business/Accounting/Finance/Marketing,,Business/Economics/Accounting/Finance,University of Balamand (UOB),,Accepted Unconditionally,"Thursday, April 27, 1995",24,Lebanon,3.66,3.66,B+,,Other
Cohort 3,66,,,F,FT,3,Active,Business/Accounting/Finance/Marketing,,Business/Economics/Accounting/Finance,Lebanese University (LU),,Accepted Unconditionally,"Monday, September 7, 1998",21,Lebanon,3.93,3.93,A,,Other
Cohort 3,67,,,F,PT,3,Alumni,Business/Accounting/Finance/Marketing,,MIS/Computer Science/IT,American University of Beirut (AUB),,Accepted Unconditionally,"Friday, October 2, 1998",21,Lebanon,3.72,3.72,A-,,AUB/LAU
Cohort 3,68,,,F,FT,3,Alumni,BBA,,Business/Economics/Accounting/Finance,American University of Beirut (AUB),,Accepted Unconditionally,"Monday, July 7, 1997",22,Ukraine,4,4,A,,AUB/LAU
Cohort 3,69,,,F,FT,3,Alumni,ECE,,Engineering,Lebanese American University (LAU),,Accepted Unconditionally,"Monday, April 15, 1991",28,Lebanon,4.24,4.24,A+,,AUB/LAU
Cohort 3,70,,,F,PT,3,Alumni,Economics,,Business/Economics/Accounting/Finance,Lebanese University (LU),,Accepted Unconditionally,"Friday, November 25, 1994",25,Lebanon,3.8,3.8,A,,Other
Cohort 3,71,,,F,PT,3,Alumni,CCE,,Engineering,Lebanese American University (LAU),,Accepted Unconditionally,"Sunday, August 1, 1982",37,Lebanon,4.19,4.19,A+,,AUB/LAU
Cohort 3,72,,,F,PT,3,Alumni,Business/Accounting/Finance/Marketing,,Business/Economics/Accounting/Finance,American University of Beirut (AUB),,Accepted Unconditionally,"Tuesday, September 3, 1996",23,Lebanon,3.86,3.86,A,,AUB/LAU
Cohort 3,73,,,M,FT,3,Alumni,Computer Science,,MIS/Computer Science/IT,American University of Beirut (AUB),,Accepted Unconditionally,"Friday, November 1, 1996",23,Lebanon,3.42,3.42,A-,,AUB/LAU
Cohort 3,74,,,F,FT,3,Alumni,Petroleum Studies,,Math/science,American University of Beirut (AUB),,Accepted Unconditionally,"Friday, January 29, 1999",20,Lebanon,3.76,3.76,A-,,AUB/LAU
Cohort 3,75,,,F,PT,3,Alumni,Business/Accounting/Finance/Marketing,,Business/Economics/Accounting/Finance,American University of Beirut (AUB),,Accepted Conditionally-GPA probation,"Monday, March 10, 1997",22,Lebanon,3.74,3.74,A-,,AUB/LAU
Cohort 3,76,,,M,FT,3,Alumni,Mechanical Engineering,,Engineering,"Arts, Sciences and Technology University in Lebanon (AUL)",,Accepted Unconditionally,"Thursday, December 11, 1997",22,Lebanon,3.96,3.96,A,,Other
Cohort 3,77,,,M,PT,3,Alumni,CCE,,Engineering,"Arts, Sciences and Technology University in Lebanon (AUL)",,Accepted Unconditionally,"Friday, January 10, 1992",27,Lebanon,3.62,3.62,B+,,Other
Cohort 3,78,,,F,PT,3,Alumni,Business/Accounting/Finance/Marketing,,Business/Economics/Accounting/Finance,Lebanese University (LU),,Accepted Unconditionally,"Sunday, June 20, 1993",26,Lebanon,4.02,4.02,A,,Other
Cohort 3,79,,,F,PT,3,Alumni,Graphic Design,,"Other (Food science, Nursing, Graphic Design..)",ESA Business School,,Accepted Unconditionally,"Friday, July 12, 1991",28,Lebanon,3.22,3.22,B,,Other
Cohort 3,80,,,F,PT,3,Alumni,Business/Accounting/Finance/Marketing,,Business/Economics/Accounting/Finance,Lebanese American University (LAU),,Accepted Conditionally-GPA probation,"Friday, September 25, 1998",21,Lebanon,3.58,3.58,B+,,AUB/LAU
Cohort 3,81,,,M,FT,3,Alumni,Management Information System,,MIS/Computer Science/IT,American University of Beirut (AUB),,Accepted Unconditionally,"Saturday, October 17, 1998",21,Lebanon,3.59,3.59,B+,,AUB/LAU
Cohort 3,82,,,F,FT,3,Alumni,Business/Accounting/Finance/Marketing,,Business/Economics/Accounting/Finance,American University of Beirut (AUB),,Accepted Unconditionally,"Thursday, March 19, 1998",21,Lebanon,4.03,4.03,A,,AUB/LAU
Cohort 4,83,,,F,PT,4,Alumni,Computer Science,,MIS/Computer Science/IT,"Arts, Sciences and Technology University in Lebanon (AUL)",,Accepted-special not working for a degree,,30,Palestine,3.58,3.58,B+,,Other
Cohort 4,84,,,F,FT,4,Alumni,Civil & Environmenal Engineering,,Engineering,American University of Beirut (AUB),,Accepted Unconditionally,,23,Lebanon,4,4,A,,AUB/LAU
Cohort 4,85,,,M,FT,4,Alumni,Economics,,Business/Economics/Accounting/Finance,American University of Beirut (AUB),,Accepted Unconditionally,,27,Lebanon,3.5,3.5,B+,,AUB/LAU
Cohort 4,86,,,M,PT,4,Active,Networks and Security,,Engineering,Arab Open University (AOU),,Accepted Unconditionally,,40,Lebanon,3.37,3.37,B+,,Other
Cohort 4,87,,,F,PT,4,Alumni,BBA,,Business/Economics/Accounting/Finance,Notre Dame University Louaize (NDU),,Accepted Unconditionally,,29,Lebanon,3.92,3.92,A,,Other
Cohort 4,88,,,M,PT,4,Alumni,MFIN | BBA,,Business/Economics/Accounting/Finance,American University of Beirut (AUB),,Accepted Unconditionally,,24,Lebanon,88.1,3.43,B+,,AUB/LAU
Cohort 4,89,,,F,FT,4,Alumni,Economics,,Business/Economics/Accounting/Finance,Universite Saint-Joseph (USJ),,Accepted Unconditionally,,22,Lebanon,3.9,3.9,A,,Other
Cohort 4,90,,,F,FT,4,Alumni,CCE,,Engineering,Universite Saint-Joseph (USJ),,Accepted Unconditionally,,28,Lebanon,3.96,3.96,A,,Other
Cohort 4,91,,,F,FT,4,Alumni,Business/Accounting/Finance/Marketing,,Business/Economics/Accounting/Finance,Notre Dame University Louaize (NDU),,Accepted Unconditionally,,21,Lebanon,3.7,3.7,A-,,Other
Cohort 4,92,,,M,PT,4,Dropped,Civil & Environmenal Engineering,,Engineering,American University of Beirut (AUB),,Accepted Conditionally-GPA probation,,49,Lebanon,2.15,2.15,C,,AUB/LAU
Cohort 4,93,,,F,PT,4,Alumni,ECE,,Engineering,American University of Beirut (AUB),,Accepted Conditionally-GPA probation,,24,Lebanon,4.06,4.06,A,,AUB/LAU
Cohort 4,94,,,F,PT,4,Active,MIS | Master MIS,,MIS/Computer Science/IT,Lebanese University (LU),,Accepted Unconditionally,,35,Lebanon,3.76,3.76,A-,,Other
Cohort 4,95,,,M,FT,4,Alumni,Mechanical Engineering,,Engineering,American University of Beirut (AUB),,Accepted Unconditionally,,22,Lebanon,4.03,4.03,A,,AUB/LAU
Cohort 4,96,,,M,PT,4,Alumni,BBA,,Business/Economics/Accounting/Finance,American University of Beirut (AUB),,Accepted Unconditionally,,21,Lebanon,3.84,3.84,A,,AUB/LAU
Cohort 4,97,,,M,PT,4,Alumni,Pharmacy,,"Other (Food science, Nursing, Graphic Design..)",Beirut Arab University (BAU),,Accepted Conditionally-GPA probation,,25,Lebanon,3.25,3.25,B,,Other
Cohort 4,98,,,M,FT,4,Alumni,Mechanical Engineering,,Engineering,American University of Beirut (AUB),,Accepted Unconditionally,,22,Lebanon,4.15,4.15,A+,,AUB/LAU
Cohort 4,99,,,M,FT,4,Alumni,Computer Science,,MIS/Computer Science/IT,American University of Beirut (AUB),,Accepted Unconditionally,,23,Syria,3.52,3.52,B+,,AUB/LAU
Cohort 4,100,,,M,FT,4,Alumni,Nursing,,"Other (Food science, Nursing, Graphic Design..)",American University of Beirut (AUB),,Accepted Unconditionally,,21,Lebanon,3.96,3.96,A,,AUB/LAU
Cohort 4,101,,,M,FT,4,Alumni,Telecommunications,,Engineering,Lebanese University (LU),,Accepted Unconditionally,,31,Lebanon,4.21,4.21,A+,,Other
Cohort 4,102,,,M,FT,4,Alumni,Computer Science,,MIS/Computer Science/IT,Notre Dame University Louaize (NDU),,Accepted Unconditionally,,23,Lebanon,4,4,A,,Other
Cohort 4,103,,,M,FT,4,Alumni,BBA,,Business/Economics/Accounting/Finance,University of Balamand (UOB),,Accepted Conditionally-GPA probation,,26,Lebanon,3.91,3.91,A-,,Other
Cohort 4,104,,,M,PT,4,Alumni,BBA | MBA,,Business/Economics/Accounting/Finance,Universite Saint-Esprit de Kaslik (USEK),,Accepted Conditionally-GPA probation,,41,Lebanon,3.77,3.77,A-,,Other
Cohort 4,105,,,M,FT,4,Alumni,CCE,,Engineering,American University of Beirut (AUB),,Accepted Conditionally-GPA probation,,22,Lebanon,3.69,3.69,A-,,AUB/LAU
Cohort 4,106,,,F,FT,4,Alumni,Actuarial Science,,Math/science,Notre Dame University Louaize (NDU),,Accepted Unconditionally,,21,Lebanon,4.09,4.09,A,,Other
Cohort 4,107,,,M,FT,4,Active,BBA,,Business/Economics/Accounting/Finance,Universite Saint-Joseph (USJ),,Accepted Unconditionally,,21,Lebanon,3.67,3.67,A-,,Other
Cohort 4,108,,,M,FT,4,Alumni,BBA,,Business/Economics/Accounting/Finance,University of Balamand (UOB),,Accepted Conditionally-GPA probation,,26,Lebanon,3.88,3.88,A,,Other
Cohort 4,109,,,M,FT,4,Alumni,BBA,,Business/Economics/Accounting/Finance,American University of Beirut (AUB),,Accepted Unconditionally,,23,Lebanon,3.45,3.45,B+,,AUB/LAU
Cohort 4,110,,,M,FT,4,Active,Mathematics,,Math/science,Universite Saint-Joseph (USJ),,Accepted Unconditionally,,21,Lebanon,4.07,4.07,A,,Other
Cohort 4,111,,,F,FT,4,Alumni,BBA,,Business/Economics/Accounting/Finance,American University of Beirut (AUB),,Accepted Unconditionally,,21,Lebanon,4,4,A,,AUB/LAU
Cohort 4,113,,,F,PT,4,Alumni,Communication & Electrical Engineering,,Engineering,Lebanese University (LU),,Accepted Unconditionally,,37,Lebanon,3.71,3.71,A-,,Other
Cohort 4,114,,,F,FT,4,Alumni,ECE,,Engineering,American University of Beirut (AUB),,Accepted Conditionally-GPA probation,,25,Lebanon,4,4,A,,AUB/LAU
Cohort 4,115,,,F,FT,4,Alumni,Economics,,Business/Economics/Accounting/Finance,American University of Beirut (AUB),,Accepted Unconditionally,,21,Lebanon,3.84,3.84,A,,AUB/LAU
Cohort 4,116,,,F,PT,4,Alumni,Economics,,Business/Economics/Accounting/Finance,Al-Qasimia University,,Accepted Unconditionally,,26,Syria,3.66,3.66,B+,,Other
Cohort 4,117,,,M,PT,4,Alumni,ME | Master ME,,Engineering,Rafic Hariri University (RHU),,Accepted Unconditionally,,28,Lebanon,3.85,3.85,A,,Other
Cohort 4,118,,,F,PT,4,Dropped,Business/Accounting/Finance/Marketing,,Business/Economics/Accounting/Finance,Lebanese American University (LAU),,Accepted Conditionally-GPA probation,,21,Lebanon,3.35,3.35,B+,,AUB/LAU
Cohort 4,119,,,F,FT,4,Alumni,Economics,,Business/Economics/Accounting/Finance,Damascus University,,Accepted Unconditionally,,32,Syria,3.88,3.88,A,,Other
Cohort 4,120,,,F,PT,4,Alumni,BBA,,Business/Economics/Accounting/Finance,American University of Beirut (AUB),,Accepted Unconditionally,,21,Lebanon,4.03,4.03,A,,AUB/LAU
Cohort 4,121,,,M,FT,4,Alumni,Industrial Engineering,,Engineering,American University of Beirut (AUB),,Accepted Unconditionally,,22,Lebanon,4.02,4.02,A,,AUB/LAU
Cohort 4,122,,,M,FT,4,Alumni,BBA,,Business/Economics/Accounting/Finance,Lebanese American University (LAU),,Accepted-special not working for a degree,,23,Lebanon,3.87,3.87,A,,AUB/LAU
Cohort 4,123,,,M,PT,4,Active,BBA | MBA,,Business/Economics/Accounting/Finance,American University of Beirut (AUB),,Accepted Unconditionally,,55,Lebanon,4.15,4.15,A+,,AUB/LAU
Cohort 4,124,,,M,FT,4,Alumni,Finance,,Business/Economics/Accounting/Finance,American University of Beirut (AUB),,Accepted Unconditionally,,20,Canada,3.96,3.96,A,,AUB/LAU
Cohort 4,125,,,F,FT,4,Alumni,BBA,,Business/Economics/Accounting/Finance,American University of Beirut (AUB),,Accepted Unconditionally,,21,Lebanon,3.81,3.81,A,,AUB/LAU
Cohort 4,126,,,M,PT,4,Alumni,Actuarial Science,,Math/science,Notre Dame University Louaize (NDU),,Accepted Unconditionally,,28,Lebanon,3.81,3.81,A,,Other
Cohort 4,127,,,F,PT,4,Active,BBA,,Business/Economics/Accounting/Finance,American University of Beirut (AUB),,Accepted Conditionally-GPA probation,,24,Lebanon,3.82,3.82,A,,AUB/LAU
Cohort 4,128,,,M,FT,4,Active,Business/Accounting/Finance/Marketing,,Business/Economics/Accounting/Finance,American University of Beirut (AUB),,Accepted Conditionally-GPA probation,,25,Lebanon,3.81,3.81,A,,AUB/LAU
Cohort 4,129,,,F,PT,4,Dropped,BBA,,Business/Economics/Accounting/Finance,Lebanese American University (LAU),,Accepted Conditionally-GPA probation,,23,Syria,3.7,3.7,A-,,AUB/LAU
Cohort 4,130,,,F,FT,4,Alumni,Marketing,,Business/Economics/Accounting/Finance,American University of Beirut (AUB),,Accepted Unconditionally,,21,Lebanon,3.77,3.77,A-,,AUB/LAU
Cohort 4,131,,,F,FT,4,Alumni,Marketing,,Business/Economics/Accounting/Finance,American University of Beirut (AUB),,Accepted Unconditionally,,21,Lebanon,3.73,3.73,A-,,AUB/LAU
Cohort 4,132,,,M,FT,4,Alumni,Industrial Engineering,,Engineering,American University of Beirut (AUB),,Accepted Conditionally-GPA probation,,21,Lebanon,3.87,3.87,A,,AUB/LAU
Cohort 4,133,,,M,PT,4,Active,Philosophy,,"Other (Food science, Nursing, Graphic Design..)",University of Maryland,,Accepted Conditionally-GPA probation,,27,Lebanon,3.55,3.55,B+,,Other
Cohort 4,134,,,F,PT,4,Alumni,BBA,,Business/Economics/Accounting/Finance,American University of Beirut (AUB),,Accepted Unconditionally,,24,Lebanon,4.24,4.24,A+,,AUB/LAU
Cohort 4,135,,,F,FT,4,Active,Civil & Environmenal Engineering,,Engineering,American University of Beirut (AUB),,Accepted Unconditionally,,21,Lebanon,3.9,3.9,A-,,AUB/LAU
Cohort 4,136,,,F,PT,4,Alumni,BBA,,Business/Economics/Accounting/Finance,Lebanese American University (LAU),,Accepted Unconditionally,,24,Syria,4.06,4.06,A,,AUB/LAU
Cohort 4,137,,,F,FT,4,Alumni,BBA,,Business/Economics/Accounting/Finance,American University of Beirut (AUB),,Accepted Unconditionally,,20,Lebanon,4.06,4.06,A,,AUB/LAU
Cohort 4,138,,,F,PT,4,Active,Medical Lab | Master Genomics and Proteomics,,"Other (Food science, Nursing, Graphic Design..)",Universite Saint-Joseph (USJ),,Accepted-special not working for a degree,,24,Lebanon,3.82,3.82,A,,Other
Cohort 4,139,,,F,PT,4,Alumni,ECE,,Engineering,American University of Beirut (AUB),,Accepted Conditionally-GPA probation,,22,Lebanon,3.88,3.88,A,,AUB/LAU
Cohort 4,140,,,M,PT,4,Dropped,Business/Accounting/Finance/Marketing,,Business/Economics/Accounting/Finance,Lebanese University (LU),,Accepted Unconditionally,,31,Lebanon,3.92,3.92,A,,Other
Cohort 4,141,,,F,FT,4,Alumni,BBA,,Business/Economics/Accounting/Finance,American University of Beirut (AUB),,Accepted Unconditionally,,20,Lebanon,3.9,3.9,A,,AUB/LAU
Cohort 4,142,,,F,FT,4,Active,Economics,,Business/Economics/Accounting/Finance,American University of Beirut (AUB),,Accepted Unconditionally,,22,Lebanon,3.67,3.67,B-,,AUB/LAU
Cohort 4,143,,,F,PT,4,Alumni,BBA,,Business/Economics/Accounting/Finance,Lebanese American University (LAU),,Accepted Unconditionally,,20,Lebanon,4.11,4.11,A,,AUB/LAU
Cohort 5,144,,,M,PT,5,Active,BBA,,Business/Economics/Accounting/Finance,American University of Beirut (AUB),,Accepted Unconditionally,"Sunday, January 1, 1961",60,Lebanon,3.88,3.88,A,,AUB/LAU
Cohort 5,145,,,M,FT,5,Alumni,Electrical Engineering,,Engineering,American University of Beirut (AUB),,Accepted Conditionally-GPA probation,"Sunday, May 8, 1983",38,Lebanon,3.81,3.81,A,,AUB/LAU
Cohort 5,146,,,F,PT,5,Active,BBA,,Business/Economics/Accounting/Finance,American University of Beirut (AUB),,Accepted Unconditionally,"Saturday, May 30, 1987",34,Lebanon,3.75,3.75,A-,,AUB/LAU
Cohort 5,147,,,M,PT,5,Dropped,BBA,,Business/Economics/Accounting/Finance,American University of Beirut (AUB),,,"Friday, July 5, 1991",30,Lebanon,3.85,3.85,A,,AUB/LAU
Cohort 5,148,,,F,FT,5,Active,Business/Accounting/Finance/Marketing,,Business/Economics/Accounting/Finance,American University of Beirut (AUB),,Accepted Unconditionally,"Monday, December 2, 1991",29,Lebanon,85.55,3.42,A-,,AUB/LAU
Cohort 5,149,,,F,PT,5,Active,BBA,,Business/Economics/Accounting/Finance,American University of Beirut (AUB),,Accepted Unconditionally,"Friday, September 10, 1993",27,Lebanon,4,4,A,,AUB/LAU
Cohort 5,150,,,M,PT,5,Active,BBA,,Business/Economics/Accounting/Finance,American University of Beirut (AUB),,Accepted Conditionally-GPA probation,"Wednesday, April 12, 1995",26,Lebanon,3.46,3.46,A-,,AUB/LAU
Cohort 5,151,,,M,PT,5,Active,BBA,,Business/Economics/Accounting/Finance,American University of Beirut (AUB),,Accepted Unconditionally,"Thursday, June 1, 1995",26,Lebanon,3.82,3.82,A,,AUB/LAU
Cohort 5,152,,,M,FT,5,Active,Industrial Engineering,,Engineering,American University of Beirut (AUB),,Accepted Conditionally-GPA probation,"Thursday, October 26, 1995",25,Lebanon,3.74,3.74,A-,,AUB/LAU
Cohort 5,153,,,F,FT,5,Alumni,Clinical Nutrition & Dietetics | Clinical Nutrition & Dietetics,,"Other (Food science, Nursing, Graphic Design..)",American University of Beirut (AUB),,Accepted Conditionally-GPA probation,"Saturday, July 29, 1995",26,Lebanon,3.75,3.75,A-,,AUB/LAU
Cohort 5,154,,,F,PT,5,Active,BBA,,Business/Economics/Accounting/Finance,American University of Beirut (AUB),,Accepted Unconditionally,"Saturday, July 29, 1995",24,Lebanon,3.85,3.85,A,,AUB/LAU
Cohort 5,156,,,F,PT,5,Active,Food Science,,"Other (Food science, Nursing, Graphic Design..)",American University of Beirut (AUB),,Accepted Conditionally-GPA probation,"Saturday, November 23, 1996",24,Venezuela,3.86,3.86,A,,AUB/LAU
Cohort 5,157,,,M,PT,5,Dropped,Bachelor of Arts,,"Other (Food science, Nursing, Graphic Design..)",American University of Beirut (AUB),,Accepted Conditionally-GPA probation,"Thursday, June 5, 1997",24,United Arab Emirates,3.3,3.3,B+,,AUB/LAU
Cohort 5,158,,,M,FT,5,Alumni,Business/Accounting/Finance/Marketing,,Business/Economics/Accounting/Finance,American University of Beirut (AUB),,Accepted Unconditionally,"Tuesday, August 19, 1997",24,Lebanon,3.95,3.95,A,,AUB/LAU
Cohort 5,159,,,M,FT,5,Active,Political Science & Public Administration,,"Other (Food science, Nursing, Graphic Design..)",American University of Beirut (AUB),,,"Monday, October 6, 1997",22,Kuwait,2.8,2.8,B,,AUB/LAU
Cohort 5,160,,,M,FT,5,Active,Mechanical Engineering,,Engineering,American University of Beirut (AUB),,Accepted Unconditionally,"Friday, July 3, 1998",23,Lebanon,3.91,3.91,A,,AUB/LAU
Cohort 5,161,,,M,FT,5,Alumni,Pure Mathematics,,Math/science,American University of Beirut (AUB),,Accepted Unconditionally,"Monday, October 6, 1997",23,Lebanon,4.2,4.2,A,,AUB/LAU
Cohort 5,162,,,M,FT,5,Alumni,Computer Science and Political Sciences,,MIS/Computer Science/IT,American University of Beirut (AUB),,Accepted Conditionally-GPA probation,"Monday, July 5, 1999",22,Lebanon,3.43,3.43,A-,,AUB/LAU
Cohort 5,163,,,F,FT,5,Alumni,Nursing,,"Other (Food science, Nursing, Graphic Design..)",American University of Beirut (AUB),,Accepted Unconditionally,"Monday, January 5, 1998",23,Lebanon,3.88,3.88,A,,AUB/LAU
Cohort 5,164,,,M,FT,5,Active,Food Science,,"Other (Food science, Nursing, Graphic Design..)",American University of Beirut (AUB),,Accepted Unconditionally,"Wednesday, January 28, 1998",23,Lebanon,3.78,3.78,A-,,AUB/LAU
Cohort 5,165,,,F,PT,5,Active,Bachelor of Science,,Math/science,American University of Beirut (AUB),,Accepted Unconditionally,"Saturday, February 28, 1998",23,Syria,3.6,3.6,B+,,AUB/LAU
Cohort 5,166,,,F,FT,5,Alumni,Business/Accounting/Finance/Marketing,,Business/Economics/Accounting/Finance,American University of Beirut (AUB),,Accepted Unconditionally,"Monday, July 12, 1999",22,Lebanon,4.07,4.07,A,,AUB/LAU
Cohort 5,167,,,M,FT,5,Alumni,Economics,,Business/Economics/Accounting/Finance,American University of Beirut (AUB),,,,21,Lebanon,3.58,3.58,B+,,AUB/LAU
Cohort 5,168,,,M,PT,5,Active,Economics,,Business/Economics/Accounting/Finance,American University of Beirut (AUB),,Accepted Conditionally-GPA probation,"Friday, November 19, 1999",21,Lebanon,3.56,3.56,B+,,AUB/LAU
Cohort 5,169,,,M,FT,5,Alumni,Business/Accounting/Finance/Marketing,,Business/Economics/Accounting/Finance,American University of Beirut (AUB),,Accepted Unconditionally,"Sunday, January 17, 1999",22,Lebanon,3.88,3.88,A,,AUB/LAU
Cohort 5,170,,,M,FT,5,Active,Business/Accounting/Finance/Marketing,,Business/Economics/Accounting/Finance,American University of Beirut (AUB),,Accepted Unconditionally,"Sunday, July 11, 1999",22,Lebanon,3.8,3.8,A,,AUB/LAU
Cohort 5,171,,,M,FT,5,Alumni,Chemistry,,Math/science,American University of Beirut (AUB),,Accepted Unconditionally,"Tuesday, August 10, 1999",22,Lebanon,3.95,3.95,A,,AUB/LAU
Cohort 5,172,,,F,FT,5,Alumni,Business/Accounting/Finance/Marketing,,Business/Economics/Accounting/Finance,American University of Beirut (AUB),,Accepted Unconditionally,"Monday, October 18, 1999",21,Lebanon,3.56,3.56,B+,,AUB/LAU
Cohort 5,173,,,F,FT,5,Alumni,Biology,,Math/science,American University of Beirut (AUB),,Accepted Unconditionally,"Saturday, May 6, 2000",21,United Arab Emirates,3.95,3.95,A,,AUB/LAU
Cohort 5,174,,,F,PT,5,Active,BBA,,Business/Economics/Accounting/Finance,American University of Beirut (AUB),,Accepted Unconditionally,"Saturday, August 19, 2000",21,Lebanon,4.06,4.06,A+,,AUB/LAU
Cohort 5,176,,,F,FT,5,Alumni,Business Information System,,Business/Economics/Accounting/Finance,American University of Beirut (AUB),,Accepted Unconditionally,"Wednesday, February 2, 2000",21,Lebanon,4.06,4.06,A+,,AUB/LAU
Cohort 5,177,,,F,FT,5,Alumni,Business/Accounting/Finance/Marketing,,Business/Economics/Accounting/Finance,American University of Beirut (AUB),,Accepted Unconditionally,"Friday, April 7, 2000",21,Lebanon,3.91,3.91,A,,AUB/LAU
Cohort 5,178,,,M,FT,5,Alumni,Business/Accounting/Finance/Marketing,,Business/Economics/Accounting/Finance,American University of Beirut (AUB),,Accepted Unconditionally,"Saturday, July 29, 2000",21,Lebanon,3.88,3.88,A,,AUB/LAU
Cohort 5,179,,,F,FT,5,Alumni,BBA,,Business/Economics/Accounting/Finance,American University of Beirut (AUB),,Accepted Unconditionally,"Wednesday, November 29, 2000",20,Lebanon,3.41,3.41,A-,,AUB/LAU
Cohort 5,180,,,F,PT,5,Active,Economics,,Business/Economics/Accounting/Finance,American University of Beirut (AUB),,Accepted Unconditionally,"Wednesday, November 15, 2000",20,Lebanon,3.98,3.98,A,,AUB/LAU
Cohort 5,181,,,M,FT,5,Active,Business/Accounting/Finance/Marketing,,Business/Economics/Accounting/Finance,"Arts, Sciences and Technology University in Lebanon (AUL)",,Accepted Conditionally-GPA probation,,24,Lebanon,4,4,A,,Other
Cohort 5,182,,,F,FT,5,Active,Business Analytics,,Business/Economics/Accounting/Finance,Lebanese University (LU),,Accepted Unconditionally,"Monday, March 27, 1995",26,Lebanon,3.46,3.46,A-,,Other
Cohort 5,183,,,F,PT,5,Active,Business/Accounting/Finance/Marketing,,Business/Economics/Accounting/Finance,Beirut Arab University (BAU),,Accepted Unconditionally,"Monday, February 12, 1996",25,Lebanon,3.54,3.54,A-,,Other
Cohort 5,184,,,F,PT,5,Active,Physics,,Math/science,Notre Dame University Louaize (NDU),,Accepted Unconditionally,"Saturday, January 27, 2001",20,Lebanon,4.07,4.07,A,,Other
Cohort 5,185,,,M,FT,5,Active,Business/Accounting/Finance/Marketing,,Business/Economics/Accounting/Finance,American University of Sharjah,,Accepted Unconditionally,"Wednesday, April 8, 1998",23,Saudi Arabia,3.7,3.7,A-,,Other
Cohort 5,186,,,F,FT,5,Dropped,Business/Accounting/Finance/Marketing,,Business/Economics/Accounting/Finance,Beirut Arab University (BAU),,Accepted Conditionally-GPA probation,"Wednesday, February 28, 2001",20,Lebanon,2.86,2.86,B,,Other
Cohort 5,187,,,M,FT,5,Alumni,Management Information System,,MIS/Computer Science/IT,Lebanese University (LU),,Accepted Unconditionally,"Sunday, January 5, 1997",24,Lebanon,3.33,3.33,B+,,Other
Cohort 5,189,,,M,PT,5,Active,Mathematics and Statistics,,Math/science,Lebanese University (LU),,Accepted Unconditionally,"Friday, July 7, 2000",21,Lebanon,3.8,3.8,A,,Other
Cohort 5,190,,,F,FT,5,Alumni,Business/Accounting/Finance/Marketing,,Business/Economics/Accounting/Finance,Lebanese American University (LAU),,Accepted Conditionally-GPA probation,"Wednesday, March 16, 1994",27,Lebanon,3.75,3.75,A-,,AUB/LAU
Cohort 5,191,,,M,FT,5,Active,Business/Accounting/Finance/Marketing,,Business/Economics/Accounting/Finance,Beirut Arab University (BAU),,Accepted Unconditionally,"Sunday, June 14, 1998",23,Lebanon,3.56,3.56,A-,,Other
Cohort 5,192,,,F,FT,5,Alumni,Business/Accounting/Finance/Marketing,,Business/Economics/Accounting/Finance,Lebanese American University (LAU),,Accepted Unconditionally,"Sunday, December 5, 1999",21,Lebanon,3.64,3.64,A-,,AUB/LAU
Cohort 5,193,,,M,PT,5,Active,Bachelor in Engineering,,Engineering,Lebanese American University (LAU),,Accepted Conditionally-GPA probation,"Thursday, April 25, 1996",25,Lebanon,4.05,4.05,A,,AUB/LAU
Cohort 5,194,,,F,PT,5,Active,BBA,,"Other (Food science, Nursing, Graphic Design..)",Universite Saint-Joseph (USJ),,Accepted Unconditionally,"Friday, August 9, 1996",25,Lebanon,4.15,4.15,A+,,Other
Cohort 5,195,,,F,FT,5,Dropped,Insurance,,"Other (Food science, Nursing, Graphic Design..)",Universite Saint-Joseph (USJ),,Accepted Conditionally-GPA probation,"Thursday, July 11, 1985",36,Lebanon,2.57,2.57,B-,,Other
Cohort 5,196,,,M,FT,5,Alumni,Business/Accounting/Finance/Marketing,,Business/Economics/Accounting/Finance,"Florida Int'l University, Miami",,Accepted Unconditionally,"Thursday, August 13, 1998",23,United States of America,3.52,3.52,A-,,Other
Cohort 5,197,,,M,PT,5,Dropped,BBA,,Business/Economics/Accounting/Finance,Universite Saint-Joseph (USJ),,Accepted Conditionally-GPA probation,"Wednesday, July 7, 1999",22,Lebanon,2.7,2.7,B-,,Other
Cohort 5,198,,,F,PT,5,Active,International Business,,Business/Economics/Accounting/Finance,"Uni. of Wisconsin, Eau Claire \ Ec.Nat.de Com.et de Gest. ENCG",,Accepted Unconditionally,"Monday, June 8, 1992",29,Morocco,3.9,3.9,A,,Other
Cohort 5,199,,,F,FT,5,Active,Economics,,Business/Economics/Accounting/Finance,Lebanese American University (LAU),,Accepted Unconditionally,"Tuesday, June 27, 2000",21,Lebanon,3.36,3.36,B+,,AUB/LAU
Cohort 5,200,,,M,PT,5,Active,Bachelor in Computer Systems,,MIS/Computer Science/IT,Inst.Sup.des Et.Tech.en Comm.,,Accepted Unconditionally,"Thursday, February 12, 1998",23,Tunisia,3.83,3.83,A,,Other
Cohort 5,201,,,F,PT,5,Active,Bachelor of Arts,,"Other (Food science, Nursing, Graphic Design..)",Lebanese University (LU),,Accepted Unconditionally,"Wednesday, November 17, 1993",27,Lebanon,4,4,A,,Other
Cohort 5,202,,,M,PT,5,Active,BBA,,Business/Economics/Accounting/Finance,Universite Saint-Esprit de Kaslik (USEK),,Accepted Conditionally-GPA probation,"Friday, March 20, 1998",23,Lebanon,3.68,3.68,A-,,Other
Cohort 5,203,,,F,FT,5,Active,Business/Accounting/Finance/Marketing,,Business/Economics/Accounting/Finance,Universite Saint-Esprit de Kaslik (USEK),,Accepted Unconditionally,"Thursday, September 9, 1999",21,Lebanon,3.41,3.41,A-,,Other
Cohort 5,204,,,F,PT,5,Active,Civil & Environmenal Engineering,,Engineering,Lebanese American University (LAU),,Accepted Conditionally-GPA probation,"Sunday, December 7, 1997",23,Lebanon,4.18,4.18,A+,,AUB/LAU
Cohort 5,205,,,M,FT,5,Active,Civil & Environmenal Engineering,,Engineering,Notre Dame University Louaize (NDU),,Accepted Conditionally-GPA probation,"Thursday, October 10, 1996",24,Lebanon,3.9,3.9,A,,Other
Cohort 5,206,,,M,FT,5,Active,Civil & Environmenal Engineering,,Engineering,Beirut Arab University (BAU),,Accepted Conditionally-GPA probation,"Wednesday, January 1, 1992",29,Lebanon,3.76,3.76,A-,,Other
Cohort 5,207,,,F,PT,5,Active,BBA,,Business/Economics/Accounting/Finance,Lebanese American University (LAU),,Accepted Unconditionally,"Tuesday, August 6, 1996",25,Lebanon,4.06,4.06,A,,AUB/LAU
Cohort 5,208,,,F,PT,5,Dropped,Arabic,,"Other (Food science, Nursing, Graphic Design..)",Lebanese University (LU),,Accepted-special not working for a degree,"Thursday, October 21, 1999",21,Lebanon,2.35,2.35,C+,,Other
Cohort 5,209,,,M,FT,5,Alumni,Business/Accounting/Finance/Marketing,,Business/Economics/Accounting/Finance,Lebanese American University (LAU),,Accepted Unconditionally,"Thursday, December 2, 1999",21,Lebanon,3.44,3.44,B+,,AUB/LAU
Cohort 5,210,,,M,FT,5,,Business/Accounting/Finance/Marketing,,Business/Economics/Accounting/Finance,Grenoble Graduate School of Business,,Accepted Conditionally-GPA probation,"Monday, June 13, 1994",27,Lebanon,3.44,3.44,B+,,Other
Cohort 5,211,,,M,FT,5,Alumni,Business/Accounting/Finance/Marketing,,Business/Economics/Accounting/Finance,Notre Dame University Louaize (NDU),,Accepted Unconditionally,"Saturday, October 23, 1999",21,Lebanon,4.06,4.06,A,,Other
Cohort 5,212,,,M,PT,5,Active,Business/Accounting/Finance/Marketing,,Business/Economics/Accounting/Finance,Haigazian University,,Accepted Unconditionally,"Friday, July 8, 1994",27,Lebanon,3.52,3.52,A-,,Other
Cohort 5,214,,,F,FT,5,Alumni,Civil & Environmenal Engineering,,Engineering,Rafic Hariri University (RHU),,Accepted Unconditionally,"Monday, April 28, 1997",24,Lebanon,3.73,3.73,A-,,Other
Cohort 5,215,,,M,FT,5,Alumni,Civil & Environmenal Engineering,,Engineering,Beirut Arab University (BAU),,Accepted Unconditionally,"Friday, January 2, 1998",23,Lebanon,4.03,4.03,A,,Other
Cohort 5,216,,,F,FT,5,Alumni,Business/Accounting/Finance/Marketing,,Business/Economics/Accounting/Finance,Notre Dame University Louaize (NDU),,Accepted Unconditionally,"Tuesday, September 5, 2000",20,Lebanon,3.8,3.8,A,,Other
Cohort 5,217,,,M,PT,5,Active,Financial Engineering,,Business/Economics/Accounting/Finance,Notre Dame University Louaize (NDU),,Accepted Unconditionally,"Wednesday, November 10, 1999",21,Lebanon,4,4,A,,Other
Cohort 5,219,,,F,PT,5,Active,BBA,,Business/Economics/Accounting/Finance,Notre Dame University Louaize (NDU),,Accepted Conditionally-GPA probation,"Saturday, February 26, 1994",27,Lebanon,3.85,3.85,A,,Other
Cohort 5,220,,,F,PT,5,Active,BS Biochemistry,,Math/science,Universite Saint-Joseph (USJ),,Accepted Unconditionally,"Monday, July 17, 1995",26,Lebanon,3.83,3.83,A,,Other
Cohort 5,221,,,M,PT,5,Active,Mathematics,,Math/science,Lebanese American University (LAU),,Accepted Unconditionally,"Wednesday, July 21, 1999",22,Lebanon,4.15,4.15,A+,,AUB/LAU
Cohort 5,222,,,M,FT,5,Alumni,Business/Accounting/Finance/Marketing,,Business/Economics/Accounting/Finance,Lebanese American University (LAU),,Accepted Unconditionally,"Friday, March 26, 1999",22,Lebanon,3.67,3.67,A-,,Other
